"Palabra","Count","Pre_token0","Pre_count0","Post_token0","Post_count0","Pre_token1","Pre_count1","Post_token1","Post_count1"
"años","146430","los","31729","de","19554","dos","6803","en","10337"
"dos","142449","los","103002","en","76320","de","54959","de","65525"
"ser","126338","de","34666","de","51893","la","34206","el","16847"
"parte","122769","la","18495","de","60261","por","11842","del","25423"
"ciudad","122528","la","91747","de","51922","las","6478","y","6202"
"año","112907","el","51215","de","39038","los","36360","en","23166"
"gran","99346","de","23429","de","10226","una","16986","parte","7432"
"san","98003","de","88545","de","15757","y","12176","y","9560"
"después","93490","años","7311","de","52590","poco","6669","del","6399"
"nombre","89205","el","41586","de","30974","su","17705","del","5492"
"puede","86413","se","29098","ser","21626","que","11960","referirse","6644"
"primera","84960","la","47561","vez","12270","por","10832","división","5449"
"primer","77168","la","48613","vez","12294","el","46557","en","5977"
"así","75659","y","4666","como","29135","la","2202","que","4813"
"forma","73150","la","30302","de","39522","de","28098","parte","16182"
"siglo","72078","del","38720","xix","11618","el","23585","xx","10758"
"mismo","71029","el","20949","año","12230","del","15974","tiempo","5910"
"si","68379","la","288612","de","314471","de","149364","en","151657"
"aunque","68017","y","1854","no","5827","que","1346","la","4223"
"españa","67784","de","20849","en","7003","en","14543","y","5680"
"nacional","67748","parque","3735","de","36448","aeropuerto","3686","en","6470"
"tres","67094","de","9923","años","4090","los","8861","de","2720"
"guerra","66589","la","36336","de","12241","de","8846","mundial","11807"
"historia","66208","la","32303","de","23784","de","5241","del","7706"
"grupo","66118","el","15827","de","24050","del","15704","en","1935"
"mayor","65637","la","35683","de","27789","de","6633","parte","10045"
"vez","64120","una","13768","en","8789","primera","12282","que","6927"
"población","62143","la","23511","y","14162","una","21487","de","13840"
"tras","61784","y","14944","que","22356","de","10455","la","20030"
"tiempo","61047","el","11452","de","8472","mismo","5921","en","4532"
"general","59969","en","7678","de","16348","el","6519","del","4071"
"además","59723","y","2953","de","21245","que","2110","el","2657"
"bajo","59711","de","10685","el","16340","el","7662","la","13140"
"lugar","59503","el","8528","de","15736","en","6378","en","8094"
"cada","58628","la","14619","en","16377","de","10462","de","15486"
"sido","57701","ha","26689","el","2358","han","9729","la","1468"
"vida","56284","la","34624","de","14220","su","14653","en","6524"
"nueva","55629","de","11577","york","14244","una","11081","zelanda","2582"
"familia","55097","la","33122","de","13511","su","6381","y","3494"
"junto","52166","el","5524","a","25853","un","4917","con","21863"
"hacia","51651","y","1067","el","17808","camino","665","la","7213"
"universidad","51036","la","39039","de","27673","las","1573","nacional","2589"
"mundo","50872","del","21428","de","6601","el","19725","en","3280"
"sur","49864","al","16001","de","21406","del","13626","y","6833"
"partido","49797","el","13439","de","9651","del","12916","en","3402"
"norte","49723","al","12845","de","16069","del","12501","y","6119"
"región","49361","la","39995","de","24138","una","2068","del","2371"
"provincia","49310","la","35835","de","39522","las","4907","del","1956"
"río","49102","el","22623","de","11888","del","21310","y","3260"
"nuevo","48765","de","12651","en","2007","un","11848","a","1314"
"serie","48692","la","24519","de","23981","una","14386","en","1245"
"encuentra","48231","se","64253","en","19187","que","356","a","4843"
"gobierno","48159","el","20256","de","13786","del","10839","del","2999"
"inglés","48101","en","33265","y","2078","del","1339","el","1930"
"juan","47901","san","9194","de","7466","de","5973","carlos","2940"
"embargo","47297","sin","46890","el","4501","el","95","la","4184"
"oficial","47167","web","9040","de","20881","página","8982","del","7504"
"sólo","47118","no","5030","se","4005","que","3743","en","2643"
"siendo","45429","sigue","1972","el","5225","y","869","la","3592"
"mientras","45221","y","571","que","20839","que","569","tanto","2645"
"unidos","44899","estados","42771","y","4400","árabes","258","en","3768"
"luego","44462","y","9433","de","13784","que","2550","se","3228"
"sistema","44279","el","13619","de","20851","un","9533","operativo","1592"
"día","43642","el","13519","de","16100","en","6348","en","6844"
"centro","43195","el","17889","de","20928","del","6191","del","2974"
"país","42590","del","16243","de","4806","el","10738","en","4556"
"obra","42424","la","15379","de","18240","su","8657","en","3745"
"según","42250","que","2171","el","9175","y","1018","la","7752"
"segunda","41993","la","27688","guerra","8228","una","2300","división","3328"
"josé","41837","san","4241","maría","4161","de","3964","de","3248"
"pueden","41751","se","9376","ser","7919","que","4378","encontrar","1342"
"entonces","41449","desde","5915","el","2423","hasta","2248","se","2356"
"equipo","41047","el","13135","de","11788","del","6377","en","2521"
"rey","40876","el","14417","de","12265","del","11850","y","3325"
"debido","40803","y","864","a","34420","pero","807","al","5130"
"iglesia","39963","la","27218","de","13159","las","1803","católica","3395"
"varios","39836","de","5636","años","2288","en","4404","de","1575"
"español","39120","en","8771","de","8472","los","3897","en","5227"
"zona","39025","la","26317","de","11205","las","4888","del","2384"
"número","38861","el","11697","de","19395","un","4983","uno","1449"
"banda","38550","la","27238","de","7920","una","3949","sonora","2729"
"final","38279","a","12387","de","25363","al","11381","del","13328"
"santa","38060","de","18226","maría","5892","la","2542","cruz","4649"
"casa","37977","la","18103","de","14972","su","4340","con","7090"
"mejor","37597","la","6192","de","3355","el","4943","la","2382"
"julio","37340","de","24959","de","20876","en","4244","del","1146"
"departamento","36950","el","9464","de","29618","del","6908","del","1537"
"madrid","36946","de","12085","y","2637","en","5463","en","2561"
"hace","36771","se","7979","que","5567","que","7333","referencia","4544"
"cuenta","36689","en","4923","con","19151","que","2635","de","4248"
"cuatro","36452","de","5293","años","3044","los","4344","de","1000"
"dentro","36151","y","662","de","22808","encuentra","433","del","11509"
"principal","36080","los","6466","de","8542","las","5161","en","5906"
"grandes","35994","los","4223","de","1219","las","3889","y","1208"
"presidente","35992","el","9796","de","14406","del","4309","del","5988"
"méxico","35902","de","16154","y","3319","en","6288","en","2626"
"real","35262","se","13925","en","13206","la","12940","de","9388"
"música","35045","la","13845","de","5315","de","9140","y","2377"
"bien","34699","si","8491","de","5026","o","3466","en","3678"
"poder","34692","el","9530","de","6463","para","5480","y","2099"
"tipo","34629","este","6410","de","28246","de","5780","espectral","983"
"obras","34374","las","8151","de","8797","sus","5215","en","1623"
"película","34218","la","20117","de","7530","una","5336","en","1875"
"ii","33982","siglo","20996","de","9263","y","3127","y","8388"
"argentina","33936","en","3856","en","2703","de","3802","y","2522"
"muerte","33880","la","18842","de","11684","su","7430","en","2931"
"club","33718","el","9421","de","7209","del","5938","deportivo","1944"
"mayo","33652","la","35727","de","49081","de","32539","parte","10051"
"álbum","33622","el","8558","de","7441","del","5963","en","2123"
"distrito","33601","el","22722","de","24424","del","4165","federal","1458"
"época","33483","la","16139","de","5731","esta","3128","en","2395"
"municipio","33460","el","10555","de","18238","del","9222","en","1630"
"medio","32889","por","6984","de","19396","de","6546","del","2680"
"pueblo","32838","el","9696","de","8289","del","9601","y","2489"
"internacional","32661","aeropuerto","3606","de","11109","e","1940","en","2238"
"hijo","32577","su","8805","de","15147","el","3547","del","4556"
"trabajo","32332","de","8048","de","7452","su","5865","en","4763"
"segundo","31795","el","14648","de","1539","su","3240","álbum","1525"
"personas","31699","las","6685","que","4138","de","4820","de","1993"
"conocido","31489","más","4736","como","18286","es","4383","por","7214"
"habitantes","31371","los","4879","de","4783","sus","2315","y","2115"
"francia","31293","de","13257","en","3852","en","4896","y","3659"
"solo","31197","un","4037","se","1983","no","2383","en","1743"
"actualmente","31181","que","2706","se","3480","y","1780","es","2789"
"mundial","31168","guerra","11813","de","8676","campeonato","2379","en","2375"
"maría","30909","santa","5877","de","4311","josé","4159","del","1155"
"octubre","30772","de","22946","de","21241","en","4927","del","1302"
"todas","30740","de","5753","las","20524","en","3617","sus","2092"
"padre","30628","su","16300","de","6419","el","5062","y","2525"
"tierra","30535","la","15681","de","5061","de","5781","y","3606"
"agua","30472","de","18996","y","5828","el","7259","de","4176"
"especies","30410","las","3728","de","8735","de","2533","seleccionadas","4867"
"ejemplo","30401","por","20811","de","6470","un","3315","en","2839"
"largo","30233","lo","16069","de","12993","de","5493","del","4208"
"importante","30115","más","16499","de","7609","un","4124","en","4620"
"hizo","30074","se","7914","que","3004","que","2667","su","1738"
"septiembre","29997","de","22680","de","19715","en","4619","del","1118"
"enero","29951","de","22442","de","22455","en","4788","del","1186"
"canción","29940","la","17342","de","4084","una","4234","del","1555"
"junio","29888","de","22448","de","20890","en","4505","del","1170"
"hecho","29854","de","7086","de","7284","el","5226","que","2734"
"isla","29678","la","23534","de","13233","las","8923","del","3355"
"carlos","29655","de","4023","i","1657","juan","2908","de","1380"
"menos","29642","al","6418","de","4964","o","2774","que","1826"
"web","29488","sitio","7681","oficial","9017","página","5534","de","6147"
"través","29472","a","29344","de","23073","su","17","del","6133"
"misma","29449","la","22242","que","1048","las","4037","en","947"
"agosto","29448","de","22749","de","18914","en","4265","del","1051"
"diciembre","29383","de","21862","de","21245","en","4723","del","1176"
"ejército","29270","del","9527","de","5651","el","9328","del","1579"
"llamado","29218","el","2270","el","1616","también","2225","a","1013"
"temporada","29199","la","13941","en","4153","primera","2213","de","3720"
"varias","29132","en","5222","veces","1999","de","3712","ocasiones","1316"
"toda","29051","de","11373","las","20618","en","7703","la","14533"
"capital","29000","la","15780","de","6584","su","2199","del","4553"
"momento","28667","el","7687","de","5435","ese","6470","en","3655"
"marzo","28650","de","21328","de","20817","en","4519","del","1112"
"noviembre","28583","de","21592","de","20153","en","4395","del","1175"
"abril","28504","de","21315","de","20074","en","4319","del","1099"
"veces","28503","a","9643","se","1844","dos","2716","en","1732"
"caso","28442","el","13202","de","15325","en","4912","del","2193"
"partir","28353","a","27798","de","22285","de","583","del","5450"
"sitio","28128","el","7379","web","8151","un","1527","oficial","7180"
"carrera","27757","su","13204","de","4697","la","5185","en","3717"
"central","27467","la","1632","de","6273","parte","939","y","2860"
"tarde","27463","más","22738","en","3113","la","2285","se","2580"
"desarrollo","27431","el","10518","de","8993","de","4695","del","2645"
"orden","27392","la","9060","de","11644","el","5496","del","2939"
"punto","27117","el","7871","de","16478","un","4232","y","2818"
"actual","27115","la","18925","es","5143","el","3789","se","5110"
"escuela","26740","la","17184","de","9964","las","2302","y","1184"
"premio","26721","el","9086","de","4661","los","2748","nacional","1694"
"diferentes","26494","en","3171","tipos","770","de","2904","de","748"
"república","26397","la","19276","de","4977","segunda","725","dominicana","1813"
"línea","26391","la","14262","de","10086","las","3330","del","1032"
"primeros","26327","los","16842","años","3889","sus","3394","en","818"
"mayoría","26292","la","20555","de","18599","su","2348","del","709"
"hoy","26274","que","4112","en","6762","de","2364","es","1885"
"francesa","26163","comuna","15946","en","8231","revolución","1009","situada","7913"
"siempre","26162","que","1818","se","1497","casi","1270","en","1396"
"disco","26098","el","5985","de","6503","del","3462","en","2464"
"hacer","26074","para","6446","un","1952","de","4655","una","1889"
"política","26065","la","6377","de","5393","y","1870","y","3694"
"estudios","26044","sus","5990","de","6000","los","5545","en","2784"
"origen","26002","de","11050","de","3583","el","4297","del","2053"
"edad","25999","la","38877","de","23358","de","13815","y","5278"
"programa","25983","el","9243","de","11740","del","5163","en","1574"
"frente","25978","al","3251","a","11483","el","2553","al","3732"
"febrero","25970","de","19725","de","18730","en","3941","del","915"
"nivel","25928","a","8151","de","8813","el","6581","del","4515"
"versión","25871","la","11893","de","6144","una","5829","en","2151"
"batalla","25861","la","16254","de","13487","de","2714","del","1530"
"último","25696","el","10164","años","4904","los","9121","de","1122"
"casi","25691","en","5350","en","2984","de","2225","de","2265"
"siguiente","25642","los","9024","el","1587","la","7008","en","1401"
"juego","25629","los","10024","de","9603","el","8688","olímpicos","6088"
"luis","25616","de","3031","de","2112","san","2966","xiv","757"
"uso","25583","el","11406","de","13901","e","6406","en","6789"
"da","25521","la","595459","de","448080","de","224304","en","257072"
"libro","25482","el","8191","de","9660","del","3655","y","1610"
"género","25434","un","9427","de","6330","del","4053","con","2635"
"total","25403","un","5459","de","13185","en","3336","del","1820"
"director","25181","el","4528","de","9973","como","2840","del","3783"
"países","25141","los","8185","bajos","3507","otros","2620","de","2532"
"cerca","25095","más","3294","de","27026","de","2232","del","6777"
"manera","25087","de","11345","que","3247","esta","3093","de","2910"
"mar","25039","de","65774","de","67388","la","26612","y","23437"
"cuales","25032","los","15627","se","3569","las","8925","son","1320"
"española","25031","civil","1869","de","4914","selección","781","en","2339"
"isbn","24911","press","950","obra","130","pp","315","tomo","102"
"página","24890","la","3367","oficial","8970","las","875","web","5994"
"francisco","24762","san","5708","de","4287","de","2404","javier","1000"
"días","24754","los","3830","de","3830","dos","1364","después","2533"
"principales","24434","los","6462","de","1578","las","5154","son","658"
"chile","24297","de","12584","y","2663","en","3567","en","2341"
"europa","24296","de","9457","y","3174","en","6050","en","1808"
"base","24279","la","8833","de","10143","de","2700","en","2506"
"km","24242","de","1084","de","9443","el","381","y","3919"
"título","24225","el","13819","de","11333","los","1831","en","1732"
"construcción","24095","la","15245","de","10170","de","3350","del","3529"
"francés","24060","en","8516","y","1476","el","922","de","1343"
"debe","23976","se","7809","ser","6567","que","4429","a","3047"
"reino","23885","el","8960","unido","9721","del","7137","de","7945"
"división","23874","primera","5446","de","5860","la","5226","del","1372"
"posteriormente","23744","y","5049","se","2701","que","1541","en","2297"
"antonio","23576","san","3512","de","2286","josé","2175","y","575"
"militar","23570","y","1591","de","4618","un","1319","y","3365"
"comuna","23235","y","14548","francesa","15948","la","3449","de","3572"
"estilo","23127","de","5044","de","5074","el","3995","barroco","791"
"buenos","23031","de","9620","aires","20024","en","2823","resultados","457"
"canciones","22983","de","5655","de","2992","las","5093","que","1144"
"campo","22959","el","7349","de","11613","de","5099","y","1381"
"miembros","22935","los","7242","de","8639","sus","2039","del","4058"
"tener","22887","de","7977","el","4250","para","6882","un","4212"
"fútbol","22876","de","15121","de","5308","del","3226","americano","1306"
"muchas","22857","en","2785","de","3705","de","1894","veces","2285"
"york","22848","nueva","14298","estados","1653","new","7788","y","1495"
"información","22814","la","5241","sobre","3099","de","4460","de","2917"
"pedro","22642","san","5508","de","3241","de","2585","y","1094"
"producción","22574","la","11213","de","7482","de","5632","y","1341"
"barcelona","22472","de","7162","y","1633","en","2597","en","1483"
"lado","22415","el","9449","de","15197","de","5943","en","10120"
"cuerpo","22376","el","6277","de","6139","del","4392","y","1571"
"importantes","22371","más","9325","de","3530","de","701","del","1578"
"comenzó","22272","y","1444","a","10992","que","1290","su","2490"
"metros","22254","de","1134","de","12985","los","727","y","2273"
"arte","22217","la","20191","de","70133","de","15923","del","26894"
"tal","22115","la","46347","de","75572","de","34892","en","27745"
"servicio","22095","de","5655","de","9589","el","4699","en","2135"
"john","22044","de","2879","wiley","1403","por","1387","lennon","646"
"hombre","21992","los","6384","de","5514","un","6381","y","4157"
"televisión","21988","de","10739","de","1709","la","4482","y","1443"
"alto","21986","de","7518","de","4555","más","4605","y","2485"
"mediante","21879","y","434","la","4415","que","306","el","3611"
"haber","21832","de","6626","sido","4853","por","3342","tenido","541"
"tan","21798","de","26782","de","48549","la","18294","en","33426"
"incluso","21775","e","6308","en","1890","o","1822","a","1432"
"popular","21717","más","2830","en","4051","muy","2041","de","3912"
"proyecto","21652","el","7690","de","6866","un","3670","en","1005"
"derecho","21643","los","6775","de","6804","de","6120","a","3046"
"cinco","21537","de","3878","años","2869","los","2391","de","715"
"elecciones","21434","las","10695","municipales","7913","demografía","1698","de","2763"
"pesar","21330","a","20905","de","19114","de","85","del","1287"
"museo","21302","el","8334","de","6563","del","3499","del","2369"
"finalmente","21287","y","3386","se","1985","que","1712","el","1965"
"éxito","21267","el","3572","de","4176","un","2646","en","3480"
"movimiento","21267","el","6367","de","4775","del","4387","del","766"
"unión","21240","la","16059","de","4687","de","1790","soviética","3646"
"hombres","21218","los","6336","y","2822","de","1530","de","2278"
"situada","21197","francesa","7913","en","16975","está","2766","a","2063"
"social","21128","y","2967","y","5783","partido","2604","de","4670"
"sino","21067","los","1604","que","7004","el","1147","también","2780"
"puesto","21026","el","5873","de","7372","un","2845","en","6761"
"especie","20889","una","13058","de","18636","las","3737","seleccionadas","4867"
"fin","20808","a","18943","de","48976","el","14098","del","18197"
"ambos","20799","de","2725","lados","1427","entre","1858","se","832"
"localidad","20785","la","10217","de","7193","una","5624","y","2446"
"estudio","20756","de","10161","de","12836","sus","6004","en","3627"
"comunidad","20736","la","14127","de","5039","las","2343","autónoma","4991"
"color","20700","de","11783","de","2743","el","3098","y","1896"
"edición","20691","la","8366","de","5967","una","2598","del","2125"
"sociedad","20691","la","13243","de","3322","una","2070","y","879"
"aires","20685","buenos","20066","argentina","2554","los","261","y","1518"
"finales","20578","a","12008","de","10987","de","1788","del","7626"
"puerto","20557","el","8615","de","9420","del","3874","internacional","3635"
"oeste","20510","al","11958","de","10153","el","6453","con","3635"
"llamada","20500","la","3748","de","888","también","1486","la","803"
"territorio","20452","el","7023","de","5216","del","4621","del","1667"
"costa","20444","la","11303","rica","4519","de","3838","de","4335"
"encuentran","20350","se","19191","en","5591","que","110","los","1149"
"área","20342","el","6874","de","10197","un","4720","metropolitana","1581"
"aún","20297","que","2574","más","2306","y","1068","no","2265"
"cultura","20130","la","17140","de","7445","de","6337","y","6974"
"éste","20113","de","3701","se","1566","que","2420","es","1054"
"datos","20111","de","6817","de","3406","los","4745","del","1734"
"cargo","19990","el","5986","de","10589","a","4661","del","2222"
"grupos","19945","los","4152","de","5361","de","1828","como","757"
"ello","19860","de","19151","se","4765","entre","7574","que","4740"
"ley","19843","la","15568","de","8157","de","4702","y","3168"
"original","19769","versión","1078","de","4765","la","769","en","2347"
"etc","19744","de","262","en","1648","el","155","el","1269"
"cualquier","19707","en","3959","de","1523","de","3910","otro","1358"
"radio","19671","de","6499","de","2268","la","3429","y","2037"
"miembro","19629","los","7252","de","17790","un","2064","del","10154"
"millones","19542","mil","835","de","15848","de","463","en","621"
"término","19527","el","10713","de","3828","en","2436","municipal","2820"
"ver","19470","la","67215","de","60721","de","33717","en","32920"
"dirección","19436","la","8730","de","5555","en","2801","del","1876"
"interior","19430","el","6167","de","5064","del","3438","del","2682"
"oro","19402","de","23764","de","14753","el","10141","y","8546"
"nació","19306","la","22072","en","13836","de","5440","de","12318"
"proceso","19295","el","7750","de","10435","un","3607","que","928"
"grande","19159","más","10743","de","4969","los","4238","y","3112"
"superior","19068","parte","2676","de","5094","cación","1044","a","2746"
"lista","19037","la","5958","de","22745","un","5552","en","5796"
"siguientes","19035","los","8929","géneros","505","las","6612","años","416"
"llegó","19011","que","2190","a","12705","y","1163","al","1861"
"antiguo","19008","el","3623","de","1754","del","3545","y","988"
"allí","18979","de","1851","se","2166","y","1029","en","741"
"político","18971","y","3506","y","3578","un","2375","de","2834"
"relación","18956","la","5029","con","5395","una","3456","de","2395"
"conocida","18933","más","3300","como","10886","es","2881","por","3707"
"propio","18910","su","5824","de","2184","el","5144","del","720"
"alta","18907","de","10347","de","9705","la","6357","y","2732"
"manuel","18831","de","1871","de","1607","juan","1460","belgrano","416"
"pues","18824","el","5892","por","12845","la","5098","en","12051"
"natural","18812","la","5983","de","6460","hábitat","1815","y","3181"
"media","18767","a","7165","de","11094","de","5390","la","5561"
"teatro","18732","el","6379","de","2881","de","4011","y","1327"
"madre","18705","su","8408","de","4253","la","4245","y","1489"
"voz","18690","la","4649","de","3509","su","1582","y","1685"
"modo","18657","de","4223","de","5526","este","2789","que","3343"
"juegos","18622","los","10004","olímpicos","6081","de","2933","de","3933"
"primero","18554","los","16896","en","4262","el","8267","años","3901"
"público","18301","al","2892","y","2190","el","2794","en","2138"
"decir","18272","es","11587","que","5048","quiere","1298","el","1127"
"conjunto","18259","el","5474","de","9310","un","4880","con","902"
"puntos","18212","los","2355","de","3918","de","979","y","2158"
"rock","18195","de","5657","y","1390","del","2141","en","1231"
"new","18183","de","2042","york","7568","the","1787","jersey","841"
"fuerzas","18161","las","12251","de","3391","sus","1137","armadas","2151"
"papel","18101","el","6127","de","5722","un","3899","en","2620"
"santiago","18084","de","7630","de","4588","en","1773","y","955"
"paso","18065","el","5777","de","5723","de","2563","a","2591"
"musical","17991","video","1343","de","3854","grupo","869","en","1628"
"fuerza","17978","las","12298","de","6377","la","8200","aérea","2419"
"dice","17967","se","4903","que","11062","le","3861","de","3001"
"organización","17871","la","8764","de","3546","una","2563","territorial","1481"
"alrededor","17849","los","1778","de","12643","de","1334","del","4898"
"alemania","17793","de","4001","y","1775","en","3591","en","1181"
"acuerdo","17776","de","10976","con","6782","un","2914","a","3471"
"aparece","17748","que","4518","en","10125","a","1231","como","1723"
"edificio","17742","el","6507","de","4048","del","3377","del","1230"
"américa","17728","de","10840","y","2763","en","7378","latina","2703"
"igual","17714","al","9841","que","11322","de","2460","a","2081"
"cambio","17691","el","3821","de","8936","en","3362","en","3598"
"compañía","17636","la","10971","de","5428","una","1765","que","624"
"mujer","17633","las","5808","de","2807","la","5114","y","2423"
"estación","17625","la","11218","de","6883","una","3420","del","1099"
"cabo","17615","a","12152","en","2367","del","1196","de","1993"
"cantón","17607","y","13626","de","15723","del","1756","del","190"
"castillo","17577","el","6073","de","7060","del","4050","y","1068"
"dio","17572","de","37014","de","47917","el","28190","y","12653"
"parque","17566","el","6514","nacional","3730","del","3728","de","2303"
"liga","17564","la","13738","a","9188","de","2373","de","5469"
"control","17550","el","6563","de","7092","de","4654","por","2019"
"miguel","17527","san","3659","de","2430","de","1718","ángel","1677"
"referencias","17450","y","1595","a","802","las","711","el","788"
"copa","17448","la","11964","de","6627","de","1673","del","2612"
"plaza","17422","la","9838","de","7717","de","1478","por","3492"
"última","17405","la","8678","vez","867","esta","3175","de","590"
"personajes","17369","los","4905","de","2221","de","1334","que","857"
"principalmente","17361","es","453","en","4075","y","291","por","2189"
"convirtió","17287","se","15709","en","15115","lo","285","a","350"
"iii","17268","siglo","11514","y","3350","carlos","1445","de","3213"
"instituto","17249","el","6149","de","5492","del","4776","nacional","2123"
"ciudades","17196","las","6416","de","3719","otras","1271","y","1120"
"unas","17185","en","5921","de","8122","de","5857","veces","1316"
"especialmente","17155","y","1119","en","4005","es","568","de","869"
"existen","17129","la","7056","de","6163","que","1484","en","3524"
"revista","17069","la","11098","de","3349","una","2918","en","1673"
"común","17057","nombre","2921","de","2692","más","1849","en","2305"
"villa","17049","de","12447","de","7819","la","7629","y","3523"
"mujeres","17035","las","5803","y","1415","de","1560","en","1279"
"flores","17026","de","7215","perteneciente","4382","las","3412","de","1941"
"ahora","16998","que","1667","se","1192","hasta","1600","en","945"
"personaje","16963","los","4920","de","6226","un","4815","que","1724"
"resto","16956","el","12464","de","15217","los","4429","del","4783"
"valle","16950","el","6075","de","7136","del","5340","del","4550"
"servicios","16928","los","4475","de","3522","de","3054","públicos","741"
"tema","16881","el","21080","de","26792","un","11626","que","2571"
"nunca","16859","que","2909","se","2323","pero","895","fue","1016"
"cine","16850","de","6953","de","3618","el","3727","y","2520"
"perteneciente","16838","flores","4529","a","16021","especies","1029","al","4183"
"red","16782","la","11260","de","27384","de","10170","del","7966"
"imperio","16750","del","6679","romano","2569","el","5117","otomano","1158"
"italia","16740","en","5449","y","3219","de","4751","en","2525"
"civil","16726","guerra","7826","y","2331","la","1365","de","2187"
"estadounidense","16706","actor","656","de","2353","los","641","que","1371"
"trata","16677","se","14378","de","29622","el","7038","por","1883"
"especial","16673","en","3656","en","11816","y","1630","de","5623"
"luz","16629","la","7551","de","2737","de","2959","y","1443"
"dios","16568","los","17680","de","16137","de","13732","en","4988"
"cruz","16554","la","6063","de","4780","santa","4691","el","2754"
"menor","16519","de","2574","de","4261","en","1199","que","1375"
"partidos","16512","los","3627","de","2456","de","1073","políticos","1549"
"único","16496","el","7834","que","1685","un","2012","en","842"
"principios","16450","a","8014","de","7774","los","2086","del","5754"
"anterior","16413","la","1627","a","2442","el","1441","y","1618"
"empresa","16354","la","10125","de","3576","las","2658","y","1633"
"antigua","16300","la","7486","de","1724","más","3359","y","969"
"perú","16257","del","6089","y","1464","el","1923","en","1124"
"calle","16245","la","11025","de","3858","las","4391","y","1283"
"espacio","16226","el","5130","de","3188","un","3055","en","961"
"joven","16156","el","2643","de","1446","un","2408","que","832"
"gracias","16100","y","772","a","12212","de","366","al","2625"
"alemán","16018","en","3489","de","997","el","646","y","850"
"temas","16014","los","8080","de","7307","de","3827","que","1155"
"parís","16010","de","5213","en","1531","en","4291","y","1420"
"hijos","16008","sus","3415","de","3074","los","2563","y","975"
"posición","15910","la","16859","de","8988","una","4018","en","2835"
"década","15908","la","13224","de","12515","las","1065","del","2091"
"altura","15869","de","6320","de","4111","la","3130","y","1578"
"león","15858","de","5939","españa","1838","y","4461","y","1599"
"jugador","15849","el","3884","de","5645","un","3358","que","1385"
"canal","15838","el","4349","de","4941","del","2708","y","730"
"hermano","15808","su","8522","de","3394","los","4076","mayor","1173"
"posible","15726","es","6519","que","2321","y","970","de","1138"
"meses","15707","los","2108","de","3320","seis","1265","después","2025"
"situación","15617","la","6353","de","2851","esta","1898","en","949"
"actividad","15526","la","5780","de","3253","las","3764","en","1423"
"autor","15404","las","4711","de","8444","la","4551","del","2676"
"fernando","15403","san","2246","de","1526","de","2007","vii","931"
"novela","15383","la","8075","de","3485","una","2083","el","915"
"amor","15356","de","5085","de","5366","el","3912","y","2644"
"local","15309","la","11170","de","11289","una","5749","en","9186"
"pequeño","15288","un","6525","y","1261","más","2253","de","933"
"municipal","15251","elecciones","7911","de","14256","término","2820","en","1317"
"va","15243","de","98737","de","107138","la","57598","en","54957"
"principio","15209","a","8325","de","11728","al","4488","del","6713"
"nacido","15208","español","697","en","8413","recién","561","el","5006"
"problemas","15189","los","3816","de","3345","de","972","con","1148"
"existe","15147","la","7058","de","6234","no","4125","en","4574"
"cación","15048","la","31776","de","20223","de","20442","y","5028"
"posee","14991","que","2986","una","3897","no","1086","un","3752"
"hija","14979","su","3651","de","6266","la","2550","del","2870"
"seis","14967","de","2691","años","1581","los","1525","meses","1274"
"jefe","14959","el","3125","de","8195","en","1608","del","2948"
"formación","14942","la","13866","de","8768","de","7146","sobre","3113"
"superficie","14876","la","6109","de","5666","una","4835","del","992"
"van","14863","se","9492","de","7176","de","7798","en","6889"
"llegar","14798","al","1993","a","14504","hasta","1816","al","2925"
"blanco","14739","color","1374","y","3132","en","1359","de","1141"
"consejo","14695","del","5295","de","6236","el","4862","nacional","943"
"campeonato","14582","el","7641","de","5000","del","2157","mundial","2398"
"sede","14575","la","4621","de","3992","con","2087","en","3182"
"zonas","14507","las","4861","de","3229","en","1680","más","645"
"pasó","14507","que","1295","a","7799","y","891","al","780"
"libre","14440","aire","1304","de","4414","lucha","1073","y","1847"
"clase","14399","la","4749","de","5372","de","3077","en","1035"
"imagen","14382","la","6648","de","4887","una","2232","del","1301"
"camino","14381","el","5523","de","3822","del","1521","a","1337"
"cantidad","14377","la","4230","de","12431","gran","4185","y","314"
"noche","14363","la","8473","de","2543","de","1536","del","1587"
"elementos","14347","los","3721","de","2865","de","1459","que","949"
"persona","14341","de","7914","de","12661","las","6956","que","8697"
"características","14333","las","3527","de","2642","sus","1165","del","984"
"fuerte","14323","una","2247","de","1846","más","2023","y","1718"
"propia","14298","su","6299","de","2474","la","3853","del","845"
"victoria","14290","la","5631","de","2470","de","1170","en","1934"
"ministro","14236","primer","4072","de","9327","el","2127","del","1233"
"acción","14227","la","12057","de","6436","de","6697","del","1765"
"baja","14218","de","6702","en","11613","a","5924","de","5559"
"incluyendo","14216","internacionales","129","el","1878","mundo","119","la","1804"
"modelo","14200","el","3811","de","5015","un","2148","y","621"
"actualidad","14135","la","13034","el","1119","de","431","se","1075"
"roma","14091","de","5503","y","4323","los","3649","en","4084"
"tropas","14076","las","8688","de","2269","sus","1517","del","825"
"creación","14075","la","9978","de","7945","de","1457","del","2205"
"diversos","14073","de","2147","tipos","436","en","2144","países","365"
"periodo","14070","el","4371","de","5373","un","2425","en","584"
"selección","14055","la","8670","de","5027","una","580","nacional","2391"
"interés","14035","de","6903","en","1589","el","1587","por","1541"
"nombrado","14029","fue","8138","por","1394","es","2034","en","1054"
"paz","14027","la","6648","de","8785","de","3751","y","1863"
"fecha","13998","la","5707","de","4052","esa","895","en","2353"
"incluye","13964","que","3884","la","3882","se","3186","el","3700"
"cuyo","13942","en","1624","nombre","1255","y","979","objetivo","557"
"libros","13929","los","2864","de","2998","de","2101","y","1162"
"dicho","13926","de","3534","que","873","en","2087","país","379"
"lengua","13904","la","6163","de","3013","las","2808","y","1481"
"islas","13897","las","8653","de","1469","de","619","del","1234"
"partes","13897","las","2939","de","3341","dos","1372","del","2182"
"tercera","13886","la","7783","división","1739","una","1074","temporada","788"
"capacidad","13883","la","5211","de","7165","su","1935","para","2699"
"pequeña","13871","una","6519","y","1213","la","2092","de","774"
"guitarra","13850","la","2438","y","2121","de","1384","eléctrica","709"
"condado","13823","el","5256","de","8187","del","3920","es","730"
"últimos","13816","los","9102","años","4896","sus","1352","días","932"
"profesor","13813","el","2133","de","6388","como","1950","en","1500"
"torre","13811","la","8425","de","4928","de","2431","y","1682"
"profesional","13810","carrera","1275","de","2799","fútbol","922","en","2309"
"nuevos","13794","los","3191","y","298","de","1727","personajes","193"
"lugares","13776","los","2131","de","4013","otros","1344","en","620"
"equipos","13775","los","3559","de","3147","por","885","que","715"
"situado","13762","está","2803","en","9794","encuentra","655","a","1614"
"world","13729","the","5204","of","1813","la","687","wrestling","862"
"estructura","13686","la","7012","de","4639","una","2778","del","1530"
"colombia","13677","de","4748","y","1634","en","2347","en","1396"
"aproximadamente","13646","de","2062","a","888","hace","926","el","864"
"inglaterra","13635","de","4511","y","1700","en","2511","en","1181"
"honor","13615","en","6755","de","3631","de","3042","a","3461"
"defensa","13577","de","5023","de","4200","la","4486","y","1302"
"mercado","13575","el","4738","de","2679","al","2432","en","1057"
"barrio","13559","el","5358","de","5816","del","2527","del","685"
"cabeza","13514","la","6653","de","5944","de","1332","por","2428"
"período","13495","el","4104","de","4829","un","2340","en","543"
"xix","13480","siglo","11345","y","1686","y","446","en","861"
"recibió","13471","que","1164","el","3357","y","875","la","1646"
"plata","13452","de","6400","en","2025","la","5870","de","1753"
"tales","13447","los","2888","como","9514","de","2553","de","4925"
"muestra","13432","se","4092","de","2927","que","2067","que","1860"
"murió","13409","y","1289","en","5230","que","1224","el","1612"
"nuevas","13372","las","3093","tecnologías","639","de","1736","canciones","360"
"presenta","13369","que","7762","de","10443","se","7469","en","9060"
"causa","13358","a","5309","de","8023","la","3362","por","2837"
"primeras","13352","las","8823","obras","443","sus","1783","elecciones","373"
"londres","13308","de","3977","macdonald","1317","en","3195","y","1171"
"única","13303","la","7067","en","1264","una","2123","de","973"
"dado","13266","el","8657","de","18674","fue","6665","en","8144"
"fundación","13231","la","7627","de","3023","su","1475","del","1083"
"china","13209","de","3315","y","1514","en","1863","en","1018"
"energía","13170","de","4945","de","1188","la","4101","eléctrica","930"
"armas","13168","de","4592","de","2433","las","3271","y","1330"
"gobernador","13145","el","3318","de","4693","del","1407","del","1163"
"episodio","13119","el","4205","de","3475","un","1741","en","821"
"resultado","13099","el","4942","de","7094","como","3975","del","1209"
"ayuda","13078","la","4673","a","9058","para","1987","de","5252"
"actividades","13064","las","3755","de","1817","sus","1652","económicas","596"
"referencia","13052","hace","2882","a","6933","de","2695","al","1619"
"cultural","13047","y","2093","de","2702","centro","1270","y","2375"
"palacio","13032","el","5350","de","5326","del","2504","del","930"
"venezuela","13008","de","4994","y","969","en","1905","en","900"
"realizó","13003","se","3456","una","1595","que","1099","en","1546"
"teoría","13003","la","6571","de","5547","una","1146","del","1486"
"permite","13002","que","5009","la","1479","le","1630","a","1453"
"sistemas","12964","los","4456","de","4880","de","1951","operativos","718"
"investigación","12888","de","5578","y","1480","la","3870","de","1475"
"david","12859","de","1579","y","343","por","741","bowie","299"
"asociación","12834","la","7202","de","3430","una","903","con","497"
"santo","12829","de","3391","domingo","2679","los","2318","de","1256"
"presencia","12776","la","7356","de","6739","su","1302","en","1500"
"derechos","12750","los","6762","de","3294","de","2091","humanos","2742"
"casos","12712","los","3694","de","2340","algunos","2360","en","945"
"diseño","12685","el","3919","de","3987","de","2082","y","1223"
"japón","12683","en","3777","y","1194","de","3054","en","950"
"castilla","12669","de","10583","y","5197","en","771","la","1946"
"xx","12662","siglo","12768","en","1193","del","666","el","1060"
"función","12625","la","4182","de","4086","en","2225","del","932"
"ganó","12562","que","1462","el","3504","y","744","la","2012"
"festival","12557","el","5003","de","5748","del","1876","internacional","1610"
"ocasiones","12512","en","3650","en","1015","dos","1342","se","817"
"longitud","12512","de","5253","de","3573","una","2162","total","1808"
"brasil","12506","de","2856","y","1595","en","1720","en","1275"
"niños","12496","los","5404","y","1482","de","1397","de","1063"
"artículo","12495","el","2700","de","2562","este","1504","en","1750"
"valor","12492","el","3387","de","4531","los","2356","y","953"
"lleva","12488","que","6628","a","20152","se","4105","el","3278"
"tercer","12488","la","7929","división","1741","el","7042","y","1020"
"lucha","12483","la","5709","contra","4136","de","2688","por","2520"
"apoyo","12454","el","4379","de","3469","de","2313","a","1877"
"negro","12402","y","1754","y","2134","de","1072","en","1037"
"importancia","12374","la","2876","de","1959","gran","1585","en","1405"
"emperador","12353","el","4157","de","1217","del","3657","del","460"
"templo","12345","el","4185","de","3507","del","3149","y","735"
"garcía","12338","de","486","de","967","federico","377","y","634"
"mando","12300","al","5414","de","6098","el","4867","del","3809"
"gente","12287","la","7028","de","5664","los","2498","del","1992"
"unido","12252","estados","42778","y","5746","reino","9736","en","4714"
"diversas","12251","en","2127","formas","363","de","1799","ocasiones","263"
"tamaño","12217","el","2598","de","2568","de","1957","y","1254"
"personal","12210","la","1358","de","3572","de","1340","y","1983"
"comienza","12194","y","1174","a","6539","que","975","con","1495"
"obtuvo","12190","que","1198","el","3180","y","936","la","1404"
"realizar","12163","para","3061","una","1763","se","2231","un","1534"
"fuente","12136","la","3521","de","6486","las","2463","y","894"
"usa","12100","se","7560","de","13832","a","7189","en","8868"
"estrella","12094","la","3863","de","3683","una","3827","en","1383"
"relaciones","12090","las","4453","con","1756","de","2191","exteriores","1364"
"cuya","12075","y","982","función","271","en","932","capital","199"
"ésta","12072","de","3452","se","1465","que","1755","es","957"
"cantante","12055","la","2874","de","1937","el","1415","y","1646"
"actor","12011","un","3642","de","5123","el","3103","y","1854"
"california","11979","de","2972","en","990","baja","1187","y","851"
"trabajos","11931","los","3050","de","2861","sus","2130","en","1029"
"palabra","11929","la","8164","de","2013","las","2631","que","900"
"escritor","11925","y","2053","y","2543","el","1978","de","1835"
"artes","11915","las","6187","de","6704","bellas","4315","y","2683"
"revolución","11910","la","9315","de","2383","una","652","francesa","1006"
"et","11908","de","83195","de","124189","la","52413","y","52512"
"vista","11905","la","12738","de","6568","de","6591","en","2636"
"calidad","11898","la","13821","de","11558","una","5911","y","3495"
"similar","11889","muy","1662","a","6909","es","1436","al","3474"
"congreso","11883","el","4382","de","3848","del","2845","nacional","1224"
"velocidad","11855","la","3735","de","3760","una","1566","y","866"
"independencia","11852","la","6718","de","3692","de","2287","del","753"
"sol","11834","la","9770","de","13113","de","9416","en","9258"
"películas","11795","las","2403","de","2246","de","1622","y","829"
"carácter","11761","de","4355","de","1190","el","1951","y","290"
"siete","11747","los","2014","años","1802","de","1725","de","408"
"conoce","11720","se","10322","como","5254","a","3783","a","4031"
"mitad","11713","la","5192","de","5043","segunda","2525","del","4991"
"aire","11676","buenos","20067","y","2731","el","3018","argentina","2559"
"tierras","11670","las","4350","de","1848","de","1576","y","686"
"iv","11666","la","76450","de","137980","de","41436","en","67059"
"material","11654","de","2965","de","2513","el","2183","y","990"
"generalmente","11634","es","578","se","1030","que","521","en","737"
"dar","11627","de","11260","a","11150","para","9753","de","7384"
"realidad","11612","en","5971","de","663","la","3482","es","647"
"economía","11604","la","5447","de","2021","de","1869","y","1207"
"esposa","11574","su","5674","de","2646","la","1615","del","1119"
"participó","11556","que","1449","en","8388","y","844","como","477"
"sector","11539","el","5001","de","2851","del","2337","del","680"
"torneo","11536","el","4211","de","3225","del","2881","apertura","739"
"argentino","11534","futbolista","872","de","1077","fútbol","661","en","757"
"diferencia","11530","a","5323","de","7873","la","2878","entre","2306"
"contiene","11512","que","4036","una","1256","y","620","un","1098"
"publicado","11495","fue","1702","en","6008","ha","1530","por","2359"
"academia","11488","la","7463","de","5074","real","2329","nacional","649"
"medios","11468","los","5031","de","5494","de","1020","y","552"
"corte","11466","la","7700","de","3992","de","2502","suprema","1292"
"virgen","11462","la","8936","de","3893","una","207","del","1929"
"objetivo","11457","el","5240","de","4606","los","1310","es","1095"
"seguridad","11435","de","5903","de","1609","la","2746","y","1045"
"influencia","11391","la","4084","de","3818","de","1294","por","1794"
"dicha","11390","de","3667","ciudad","538","en","1960","universidad","161"
"mano","11379","los","10361","de","13674","su","9523","y","6138"
"ciencias","11367","de","4960","de","2254","las","2383","sociales","1152"
"campeón","11351","el","1405","de","4950","fue","682","del","1729"
"sierra","11299","la","7283","de","4774","de","1069","del","651"
"colegio","11290","el","4609","de","3328","del","2521","nacional","498"
"administración","11255","la","5906","de","3067","de","1665","del","887"
"ataque","11243","el","3091","de","3026","un","2944","a","1275"
"pueblos","11227","los","5597","de","2101","de","694","y","747"
"cm","11212","la","542","de","6492","de","524","y","960"
"significa","11199","que","5017","que","2804","el","1494","de","2242"
"manos","11166","los","10245","de","6238","en","3401","y","3085"
"literatura","11148","la","5507","en","962","de","2106","y","803"
"mayores","11140","los","1846","de","2090","las","1386","que","467"
"sigue","11123","que","2525","siendo","2473","se","2209","el","1288"
"considerado","11105","es","3428","como","3570","ser","1136","el","1488"
"libertad","11074","la","5166","de","3247","copa","1436","y","1162"
"mejores","11064","los","4675","de","422","las","2275","jugadores","389"
"aguas","11064","las","4092","del","1360","de","2465","de","1225"
"entrada","11003","la","5770","de","2645","de","2718","en","2332"
"podría","10996","que","2903","ser","2846","se","1421","haber","1151"
"unidad","10992","la","21234","de","13582","las","4645","autónoma","4996"
"ex","10985","la","45582","de","65003","de","34286","en","37556"
"tratado","10963","el","4055","de","6225","del","1840","por","1327"
"ayuntamiento","10947","del","3293","de","6252","el","3233","y","485"
"martín","10925","san","4681","de","2330","de","874","y","1006"
"elegido","10924","fue","5253","por","2093","es","1198","en","1750"
"respecto","10914","con","3435","a","5562","al","1222","al","2288"
"tipos","10889","dos","1661","de","8097","los","1559","y","247"
"parece","10875","que","6284","en","10384","al","2533","ser","2211"
"semana","10874","la","3212","de","2692","de","2588","santa","1918"
"fuentes","10867","las","2454","de","1922","de","1014","y","539"
"formas","10858","las","4090","de","3878","de","1436","y","707"
"idea","10853","la","7117","de","7191","las","2557","para","1293"
"verano","10850","el","3738","de","3062","de","2611","y","846"
"comercial","10815","centro","1968","de","2661","y","1269","y","1833"
"etapa","10806","la","2017","de","3206","primera","1080","en","1335"
"editorial","10803","la","2242","de","586","alianza","393","planeta","269"
"enrique","10796","de","1881","iv","783","y","651","de","749"
"horas","10794","las","785","de","2100","dos","565","y","708"
"acceso","10788","de","3256","a","3969","el","2844","al","1520"
"buena","10757","una","2872","parte","1788","de","1906","y","384"
"piedra","10753","de","5291","de","1683","la","2011","y","1140"
"categoría","10742","la","4899","de","3976","las","1585","inferiores","841"
"italiano","10728","en","2097","de","998","los","550","y","919"
"video","10701","de","4321","de","3587","el","3775","musical","1360"
"ed","10672","la","112571","de","165910","de","94680","en","51804"
"volvió","10657","se","2040","a","7776","y","613","al","686"
"campaña","10652","la","4755","de","3152","una","1496","en","933"
"jorge","10652","de","1075","luis","425","san","842","de","366"
"occidental","10640","europa","697","de","2185","parte","668","y","1214"
"condiciones","10640","las","3964","de","2900","en","1467","del","408"
"restos","10593","los","4415","de","4486","sus","1223","del","1073"
"combate","10589","de","3367","de","1516","el","2420","en","1060"
"municipales","10579","elecciones","7911","de","7436","términos","409","en","696"
"señor","10515","nuestra","5203","de","9879","el","3929","del","2238"
"aeropuerto","10511","el","3776","internacional","3613","del","1330","de","2762"
"tiempos","10488","los","3543","de","2942","en","2514","del","665"
"productos","10478","de","2493","de","1768","los","2477","y","484"
"reina","10471","la","6853","de","6065","el","3482","del","1534"
"puente","10461","el","3390","de","2904","un","1508","del","513"
"federal","10451","distrito","1459","de","2595","gobierno","813","y","977"
"decidió","10449","se","1645","que","816","y","616","no","410"
"madera","10428","de","6241","de","1236","la","1489","y","1206"
"programas","10404","los","2353","de","3761","de","1218","que","366"
"matrimonio","10399","el","2150","con","2395","contrajo","1422","de","883"
"llega","10360","la","6324","a","30466","que","4227","al","6107"
"ríos","10359","los","5058","y","1415","entre","1479","de","872"
"fuego","10342","de","3347","y","1060","el","1985","de","870"
"diario","10329","el","3593","de","2430","del","1653","el","1380"
"izquierda","10322","la","4079","del","1081","de","2358","y","931"
"utiliza","10301","se","9390","para","7395","que","2687","en","6960"
"cámara","10264","la","5876","de","4705","de","2043","y","621"
"nacionales","10256","campeonatos","1447","de","2505","torneos","1236","y","1710"
"toma","10254","la","2772","de","5164","de","2596","el","4593"
"premios","10228","los","2726","y","1055","varios","438","de","783"
"jesús","10227","de","4045","de","735","a","474","en","619"
"príncipe","10199","el","3507","de","3177","del","1805","y","375"
"pública","10194","la","19308","de","6822","obras","1127","y","2845"
"mas","10179","las","27203","de","39083","de","25877","y","11830"
"vía","10167","la","4300","de","4397","que","3504","en","3315"
"capitán","10162","el","3279","de","2000","del","1440","general","856"
"aquí","10154","de","1621","se","1412","y","417","el","579"
"animales","10120","los","2666","y","883","de","1997","de","692"
"españoles","10115","los","3888","y","892","de","307","en","858"
"pudo","10103","no","2865","haber","900","que","920","ser","879"
"medida","10077","a","2687","que","3079","la","1653","de","2700"
"conde","10068","el","2649","de","9488","del","1826","a","2792"
"pablo","10064","juan","1779","ii","1042","san","1674","de","527"
"llevó","10054","se","2289","a","6835","que","1332","al","733"
"encontrar","10022","se","2105","en","2947","pueden","1830","con","1212"
"numerosos","10020","de","1232","premios","330","en","850","artículos","256"
"felipe","10017","de","2073","ii","1868","san","816","iv","856"
"artistas","10013","de","1911","de","1190","los","1700","como","1093"
"demás","10001","los","5626","de","21421","y","4215","el","2775"
"humanos","9990","derechos","2731","y","1218","los","1954","en","749"
"alguna","9977","en","5869","de","7247","de","4256","veces","1184"
"rojo","9976","color","1344","y","1718","ejército","950","en","704"
"industria","9970","la","7359","de","3235","e","1109","y","2263"
"pasado","9960","el","2767","a","1357","del","1157","de","976"
"kilómetros","9959","de","402","de","3760","pocos","363","al","1485"
"lópez","9953","antonio","403","de","1203","de","338","y","586"
"pocos","9946","los","2122","años","1093","unos","1773","días","1063"
"comunicación","9945","de","6150","y","894","la","2256","de","697"
"maestro","9927","el","2229","de","3043","los","1205","y","656"
"tv","9924","de","4855","en","1345","en","1567","y","1097"
"hermanos","9923","los","4073","de","676","sus","1732","y","556"
"ningún","9917","en","1156","tipo","831","sin","786","otro","671"
"municipios","9891","los","4031","de","3952","de","1692","del","510"
"líder","9888","el","2440","de","4072","los","1591","del","2018"
"texto","9888","el","4437","de","3684","de","2301","en","1210"
"realiza","9885","se","9994","en","8580","la","3090","por","6547"
"imágenes","9871","las","1975","de","2550","de","1547","y","518"
"james","9853","de","1300","bond","464","por","518","y","261"
"azul","9853","color","995","y","1704","provenzaalpescosta","746","de","885"
"empezó","9853","se","855","a","6131","y","680","su","870"
"metal","9847","de","2807","y","1065","heavy","1348","en","685"
"verde","9846","color","1798","y","1929","de","597","de","841"
"histórico","9831","centro","853","de","2902","patrimonio","693","y","1161"
"constitución","9829","la","6622","de","2916","nueva","556","y","500"
"viaje","9822","el","2292","a","2268","un","2098","de","2144"
"logró","9816","que","869","el","749","no","700","la","644"
"escribió","9794","que","850","el","901","y","620","en","822"
"jóvenes","9775","los","2438","de","881","de","1455","y","646"
"nº","9751","el","530","en","405","ley","486","de","333"
"dirigida","9746","y","843","por","8761","fue","518","a","849"
"técnica","9725","la","2387","de","4459","las","1476","y","1132"
"todavía","9721","que","1125","no","1073","y","388","se","844"
"valencia","9717","de","4673","y","1349","comunidad","1405","de","1105"
"existencia","9712","la","6936","de","5827","su","1394","del","745"
"creado","9689","fue","2837","por","3793","el","912","en","2421"
"sociales","9687","ciencias","1155","y","1682","y","998","de","847"
"alfonso","9682","de","2083","x","842","rey","903","xiii","776"
"pequeños","9677","más","1123","y","620","de","861","grupos","336"
"ambas","9638","de","1349","partes","478","en","1029","en","365"
"censo","9628","el","8603","de","7158","del","2182","a","1610"
"palabras","9625","las","2622","de","1351","de","1147","que","517"
"distancia","9621","la","2320","de","2738","una","1840","entre","730"
"efecto","9618","los","3326","de","4217","el","2767","en","944"
"colección","9576","la","3595","de","5080","una","1773","del","279"
"oriental","9575","parte","606","de","1986","costa","454","del","1275"
"paul","9551","de","1985","y","597","são","1984","en","516"
"algún","9548","en","1685","tiempo","1109","de","1378","tipo","814"
"ruta","9545","la","6284","de","4271","de","1669","y","1157"
"arquitectura","9535","la","3748","de","1402","de","2376","y","745"
"suele","9531","se","3060","ser","3423","que","1449","tener","758"
"salud","9528","de","4115","y","1239","la","3218","de","1028"
"bastante","9525","es","1401","más","307","son","372","tiempo","212"
"independiente","9515","e","526","de","2897","forma","365","y","972"
"objeto","9509","el","2029","de","5363","los","1838","que","940"
"comercio","9504","el","3085","de","1532","de","2442","y","1277"
"resultados","9496","los","3363","de","2270","francia","531","en","667"
"menudo","9481","a","9351","se","1065","de","18","en","575"
"actriz","9471","la","2313","de","1192","una","2132","y","760"
"plan","9470","el","7197","de","9687","del","4255","y","2815"
"produce","9457","se","7219","en","1548","que","1962","un","1296"
"siglos","9456","los","5047","xvi","660","durante","624","de","585"
"militares","9450","los","1278","y","998","y","532","de","980"
"mes","9425","de","7219","de","14109","los","6190","y","5006"
"escrito","9422","y","2447","por","3570","un","2138","en","3334"
"formar","9411","a","3908","parte","4354","para","3707","en","1556"
"diez","9410","de","1628","años","2462","los","1252","de","356"
"xviii","9406","siglo","6890","y","1134","y","681","en","640"
"jugadores","9395","los","3223","de","1420","de","922","que","626"
"figura","9392","la","5073","de","4293","las","1877","en","1914"
"love","9387","of","866","you","559","de","716","y","539"
"michael","9370","de","1114","jackson","528","por","573","y","275"
"internacionales","9361","e","897","de","1022","relaciones","617","y","708"
"crear","9359","para","2637","un","2517","de","1829","una","2003"
"pasa","9355","de","4025","a","11900","que","3798","por","7736"
"futuro","9350","el","3886","de","831","un","1114","en","366"
"cuanto","9350","en","7297","a","5162","unos","646","al","1141"
"biblioteca","9335","la","4868","de","1787","una","651","nacional","1057"
"xvi","9330","siglo","18673","y","3627","siglos","1731","en","1659"
"duque","9305","el","2310","de","8065","del","1663","carlos","285"
"robert","9304","de","1837","de","403","por","924","y","312"
"córdoba","9300","de","5273","y","956","en","774","argentina","627"
"amigo","9299","sus","2583","de","3958","su","2499","y","1757"
"william","9292","de","1533","y","443","por","657","shakespeare","354"
"hacen","9285","se","1685","que","919","que","1592","de","597"
"representa","9272","que","5239","de","7671","la","2329","a","4130"
"reyes","9269","los","4875","de","1624","de","801","católicos","986"
"acerca","9252","se","1818","de","6710","información","345","a","1746"
"domingo","9250","santo","2685","de","2240","el","1159","y","478"
"sonido","9249","el","2332","de","1648","de","2253","y","636"
"tradición","9219","la","5402","de","1117","una","744","en","402"
"romano","9218","los","3316","de","1184","imperio","2597","en","1181"
"fondo","9208","el","2838","de","2832","de","2415","del","996"
"catedral","9201","la","6814","de","4893","las","204","y","379"
"carretera","9200","la","5469","de","1546","de","1047","que","766"
"transporte","9197","de","4825","de","2284","el","1822","y","775"
"lago","9192","el","4464","de","3119","del","4054","y","912"
"numerosas","9181","en","1310","ocasiones","443","de","1097","obras","383"
"ciencia","9181","de","8602","de","4334","la","6954","y","2700"
"mediados","9167","a","6193","de","5028","hasta","818","del","3989"
"tradicional","9163","la","666","de","2381","el","467","en","953"
"haciendo","9161","y","480","que","1137","está","225","un","508"
"referirse","9145","puede","6545","a","8279","para","1831","al","551"
"empresas","9143","las","2646","de","1143","de","1674","que","556"
"monte","9134","de","6755","de","2422","del","2964","y","1994"
"económica","9127","actividad","1170","y","1920","y","982","de","1847"
"participación","9117","la","3480","en","2963","su","1852","de","2460"
"national","9090","géographique","2485","en","671","la","879","geographic","402"
"líneas","9078","las","3311","de","2762","de","842","y","448"
"cosas","9077","las","3585","que","1218","otras","1508","de","681"
"sevilla","9072","de","4102","y","877","en","1254","en","770"
"niño","9040","los","5415","y","2061","el","2493","de","1761"
"locales","9039","los","476","de","1203","elecciones","302","y","925"
"nombres","9037","los","3577","de","3024","de","667","que","346"
"grado","9033","el","3216","de","6944","de","2960","en","2641"
"motor","9030","el","2273","de","3745","un","2017","y","907"
"capilla","9021","la","4910","de","2821","una","808","del","1117"
"distintos","9013","los","2146","tipos","487","en","1146","países","264"
"casas","9004","las","2986","de","1993","de","939","y","880"
"george","9000","de","1619","w","466","por","551","washington","346"
"diego","8999","san","2368","de","1303","de","1071","california","329"
"llama","8998","se","7626","a","4364","la","4823","la","3062"
"naturaleza","8987","la","5853","de","1118","de","837","y","889"
"amigos","8978","sus","2579","de","1290","de","1147","y","985"
"recursos","8956","los","2808","naturales","1090","de","1929","de","772"
"quedó","8949","se","1231","en","1337","que","709","con","287"
"blanca","8945","de","785","y","1438","casa","740","de","1161"
"biografía","8943","su","676","de","2505","la","638","en","1255"
"mil","8940","la","36089","de","46543","de","14336","y","12073"
"medalla","8938","la","4043","de","7359","una","811","en","408"
"propiedad","8938","la","2671","de","3852","las","1527","del","1235"
